Job Title,Company Name,Job Location,Salary,Benefit
Senior Software Engineer / Software Engineer (.Net),Ideagen Plc.,Subang Jaya,Not Specified,13 Month Salary
Software Developer ( Java ),Wiseview Information Technology,Kuala Lumpur,"MYR 6K - 8,400 monthly",Nothing
Data Analyst,Zempot Malaysia Sdn. Bhd.,Johor Bahru,Not Specified,Training Provided
Software Engineer (Java),Ideagen Plc.,Subang Jaya,Not Specified,13 Month Salary
Internship for Information Technology (IT) Students,Infineon Technologies (Malaysia) Sdn Bhd,Melaka,Not Specified,Nothing
Full Stack Developer,SKIN LOVERS SDN. BHD.,Kuala Lumpur,"MYR 7K - 14,000 monthly",Project Performance Bonus + Support Incentive
SOFTWARE ENGINEER,Company Confidential,Kota Kinabalu,Not Specified,5-Day work week / Office Hour
Team Lead,MARVELCONNECT TECHNOLOGY LIMITED,Kuala Lumpur,"MYR 6K - 10,000 monthly","5 working days (Monday to Friday), EPF, SOCSO, EIS, Company Trip"
Development Team Lead (.Net),Ideagen Plc.,Subang Jaya,Not Specified,13 Month Salary
Software Developer,Tunku Abdul Rahman University of Management and Technology (TAR UMT),Kuala Lumpur,Not Specified,Nothing
"Executive, Security System Support",Cenviro Sdn Bhd,Negeri Sembilan,"MYR 3.5K - 4,300 monthly",Nothing
Software Developer,hiputec web,Seremban,"MYR 5K - 8,000 monthly",Nothing
Software Engineer,Leading Innovative Technologies and Systems,Shah Alam/Subang,Not Specified,Yearly bonuses & salary increment.
Senior Software Engineer - C++ (CPP),Confidential,Kuala Lumpur,"MYR 8K - 15,000 monthly",Career Growth & Development Opportunities
IT Specialist,"Bodhi Meditation, Malaysia",Klang/Port Klang,Not Specified,Nothing
Software Engineer (Senior & Junior),Juris Technologies Sdn Bhd,Kuala Lumpur,Not Specified,Fun-filled work environment with great learning opportunities.
Programmer,myNEWS HOLDINGS BERHAD,Selangor - Others,"MYR 3K - 6,000 monthly",Professional and Career Development
Application Engineer (Software Developer),Steelcase Office Solutions (M) Sdn Bhd,Kuala Lumpur,Not Specified,Nothing
Technology Intern - Innovation & Cloud Development Center - MY (KL / Penang),Deloitte Consulting SEA,Kuala Lumpur,Not Specified,Nothing
System Analyst,Ann Joo Steel Berhad,Perai,"MYR 6K - 8,500 monthly",Nothing
R&D Software Engineer (Backend Developer),Keysight Technologies Malaysia Sdn. Bhd.,Penang,Not Specified,Nothing
Full-Stack Developer,Sellup Private Limited,Johor,"MYR 4.5K - 6,300 monthly",Remote working
Solution Engineer (with experience),Exclusive Networks Malaysia Sdn Bhd,Petaling Jaya,"MYR 6.5K - 8,000 monthly",Opportunities for on-going technical certifications.
AS400 Developer,Accenture TCM,Kuala Lumpur,Not Specified,Nothing
Senior Software Developer,ABX Express (M) Sdn Bhd,Selangor,Not Specified,Stable and growing EXPRESS company
Operation Maintenance Engineer (LINUX) - Fresh Grad are welcome to apply!,SNSOFT SDN. BHD.,Kuala Lumpur,"MYR 4K - 6,000 monthly",Outstanding career growth & development opportunities
Game Operators / Game Master,Zempot Malaysia Sdn. Bhd.,Johor - Others,"MYR 3K - 3,500 monthly",Training Provided
Software Engineer (Singapore),WPG Holdings,Singapore,"SGD 2K - 3,000 monthly",Fast Growing Company
Senior Information System Engineer,Sanmina-SCI Systems (Malaysia) Sdn. Bhd. (Technoplex Penang),Bayan Lepas,"MYR 4.5K - 7,000 monthly",Inclusive workplace
React Native Developer,SANS PAPER,Kuala Lumpur,"MYR 5K - 7,000 monthly","Flexible work, remote-only, WFH"
