PRODUCT NAME,PRICE NEW,PRICE OLD
Muse Metal Women’s Trainers,RM 216.22,RM 429.00
Muse X-2 Metallic Women's Sneakers,RM 216.22,RM 429.00
Graviton Trainers,RM 236.88,RM 329.00
Smash v2 Trainers,RM 193.68,RM 269.00
Taper Trainers,RM 164.88,RM 229.00
Smash Cat Leather Trainers,RM 160.70,RM 279.00
PUMA x VOGUE Slipstream Sneakers Women,RM 431.28,RM 599.00
PUMA x AMI Slipstream Lo Sneakers,RM 467.28,RM 649.00
PUMA x AMI TRC Blaze Mid Sneakers,RM 625.68,RM 869.00
PUMA x MARKET Slipstream Sneakers,RM 431.28,RM 599.00
PUMA x POKÉMON Rider FV Pikachu Sneakers,RM 467.28,RM 649.00
CA Pro Sneakers,RM 366.48,RM 509.00
PUMA x POKÉMON Rider FV Bulbasaur Sneakers,RM 467.28,RM 649.00
Mayze Stack SQ Sneakers Women,RM 431.28,RM 599.00
PUMA x POKÉMON Slipstream Lo Charmander Sneakers,RM 373.68,RM 519.00
TRC Mira Star Quality Sneakers Women,RM 409.68,RM 569.00
Harrow Women's Shoes,RM 215.28,RM 299.00
Wired Run In Motion Sneakers,RM 258.48,RM 359.00
Court Star Suede Trainers,RM 212.54,RM 369.00
Supertec Zero Trainers,RM 222.48,RM 309.00
Smash Vulcanised V3 Low Trainers,RM 186.48,RM 259.00
Slipstream Lo Trainers,RM 308.88,RM 429.00
TRC Blaze Chance Sneakers,RM 388.08,RM 539.00
