Category,Course Name,Link
"<strong>Best Computer Science, Computing &amp; Information Technology (IT) </strong>","Best Computer Science, Computing & Information Technology (IT) Courses to Study in Malaysia
I was confused about what to study & at which university. Talking to EduSpiral helped clear my doubts.Zen Yi, Graduated from Software Engineering at Asia Pacific University (APU)

Computing
Computer Science
Software Engineering or Computer Programming
Information Technology (IT) or Information Communications Technology
Artificial Intelligence (Ai)
Blockchain
Business Information Systems (BIS)
Cloud Computing
Cyber Security
Data Science or Data Analytics or Big Data
Forensic Computing
Game Design or Computer Games Development
Intelligent Systems
Internet of Things (IoT)
Mobile Computing
Network Computing
Systems Security

",https://eduspiral.com/best-university-top-colleges-ranking-in-malaysia-offering-foundation-pre-university-degree-diploma-courses/23456242_1246066915539040_2377339565484969943_o/
"<strong>Best Computer Science, Computing &amp; Information Technology (IT) </strong>",Computing,https://eduspiral.com/about-us-eduspiral-consultant-services/advise-best-course-study-top-private-universities-malaysia/choosing-your-course/best-computing-courses-top-universities-malaysia/top-ten-information-technology-it-computer-science-courses-in-malaysia/top-3-computing-courses-in-malaysia-information-technology-it-computer-science-software-engineering/
"<strong>Best Computer Science, Computing &amp; Information Technology (IT) </strong>",Computer Science,https://eduspiral.com/top-courses-in-malaysia-high-job-in-demand/best-universities-in-malaysia-top-computer-science-diploma-degree-courses-in-malaysia/
"<strong>Best Computer Science, Computing &amp; Information Technology (IT) </strong>",Software Engineering or Computer Programming,https://eduspiral.com/best-university-top-colleges-ranking-in-malaysia-offering-foundation-pre-university-degree-diploma-courses/top-ranking-list-private-university-colleges-malaysia/top-ten-computer-engineering-software-programming-study-in-malaysia/
"<strong>Best Computer Science, Computing &amp; Information Technology (IT) </strong>",Information Technology (IT) or Information Communications Technology,https://eduspiral.com/2019/03/30/top-10-private-universities-in-malaysia-information-technology-it/
"<strong>Best Computer Science, Computing &amp; Information Technology (IT) </strong>",Artificial Intelligence (Ai),https://eduspiral.com/best-university-top-colleges-ranking-in-malaysia-offering-foundation-pre-university-degree-diploma-courses/top-ranking-list-private-university-colleges-malaysia/best-computer-science-at-top-universities-in-malaysia/top-10-universities-for-best-computer-science-in-malaysia/best-artificial-intelligence-ai-intelligent-systems-courses-top-universities-malaysia/
"<strong>Best Computer Science, Computing &amp; Information Technology (IT) </strong>",Blockchain,https://eduspiral.com/2019/12/12/top-university-malaysia-blockchain/
"<strong>Best Computer Science, Computing &amp; Information Technology (IT) </strong>",Business Information Systems (BIS),https://eduspiral.com/best-universities-malaysia-business-information-systems-bis/
"<strong>Best Computer Science, Computing &amp; Information Technology (IT) </strong>",Cloud Computing,https://eduspiral.com/about-us-eduspiral-consultant-services/advise-best-course-study-top-private-universities-malaysia/choosing-your-course/best-computing-courses-top-universities-malaysia/best-cloud-computing-courses-top-universities-malaysia/top-degree-cloud-computing-university-malaysia/
"<strong>Best Computer Science, Computing &amp; Information Technology (IT) </strong>",Cyber Security,https://eduspiral.com/top-universities-in-malaysia-best-cyber-security-computer-security-technology-degree-course/
"<strong>Best Computer Science, Computing &amp; Information Technology (IT) </strong>",Data Science or Data Analytics or Big Data,https://eduspiral.com/2017/12/02/top-universities-in-malaysia-best-for-data-science-data-analytics-course/
"<strong>Best Computer Science, Computing &amp; Information Technology (IT) </strong>",Forensic Computing,https://eduspiral.com/2019/12/04/best-university-study-digital-forensics-course-malaysia/
"<strong>Best Computer Science, Computing &amp; Information Technology (IT) </strong>",Game Design or Computer Games Development,https://eduspiral.com/about-us-eduspiral-consultant-services/advise-best-course-study-top-private-universities-malaysia/choosing-your-course/best-computing-courses-top-universities-malaysia/best-computer-games-design-courses-top-universities-malaysia/malaysia-best-universities-for-top-computer-games-development-or-game-design-technology-degree/
"<strong>Best Computer Science, Computing &amp; Information Technology (IT) </strong>",Intelligent Systems,https://eduspiral.com/about-us-eduspiral-consultant-services/advise-best-course-study-top-private-universities-malaysia/choosing-your-course/best-computing-courses-top-universities-malaysia/best-artificial-intelligence-ai-intelligent-systems-courses-top-universities-malaysia/top-private-universities-malaysia-artificial-intelligence-ai-degree-course/
"<strong>Best Computer Science, Computing &amp; Information Technology (IT) </strong>",Internet of Things (IoT),https://eduspiral.com/best-university-top-colleges-ranking-in-malaysia-offering-foundation-pre-university-degree-diploma-courses/top-ranking-list-private-university-colleges-malaysia/top-universities-malaysia-information-technology-it-course/best-internet-of-things-iot-course-at-top-university-in-malaysia-high-job-demand/
"<strong>Best Computer Science, Computing &amp; Information Technology (IT) </strong>",Mobile Computing,http://eduspiral.com/mobile-computing-degree-best-computing-university-malaysia/
"<strong>Best Computer Science, Computing &amp; Information Technology (IT) </strong>",Network Computing,https://eduspiral.com/best-university-top-colleges-ranking-in-malaysia-offering-foundation-pre-university-degree-diploma-courses/top-ranking-list-private-university-colleges-malaysia/top-universities-malaysia-information-technology-it-course/top-universities-in-malaysia-best-for-computer-network-computing/
"<strong>Best Computer Science, Computing &amp; Information Technology (IT) </strong>",Systems Security,http://eduspiral.com/best-university-to-study-information-systems-security-in-malaysia/
"<strong>Best Accounting, Finance &amp; Quantitative Studies </strong>","Best Accounting, Finance & Quantitative Studies Courses to Study in Malaysia

Accounting
Accounting & Finance
Actuarial Science
Finance
Finance & Investment
Financial Engineering
Financial Technology (Fintech)
Banking & Finance
Islamic Banking & Finance
Economics

",http://eduspiral.com/2015/12/07/best-pathway-be-professional-chartered-accountant-in-malaysia-accounting-degree-acca-exemptions-at-top-universities-after-spm-stpm-uec-olevels-alevels/
"<strong>Best Accounting, Finance &amp; Quantitative Studies </strong>",Accounting,http://eduspiral.com/2015/12/07/best-pathway-be-professional-chartered-accountant-in-malaysia-accounting-degree-acca-exemptions-at-top-universities-after-spm-stpm-uec-olevels-alevels/
"<strong>Best Accounting, Finance &amp; Quantitative Studies </strong>",Accounting & Finance,http://eduspiral.com/the-best-universities-in-malaysia-for-accounting-finance-degree-programs/
"<strong>Best Accounting, Finance &amp; Quantitative Studies </strong>",Actuarial Science,http://eduspiral.com/2013/09/25/all-you-need-to-know-about-study-actuarial-science-in-malaysia-and-the-pathway-to-become-a-professional-actuaries/
"<strong>Best Accounting, Finance &amp; Quantitative Studies </strong>",Finance,https://eduspiral.com/best-university-top-colleges-ranking-in-malaysia-offering-foundation-pre-university-degree-diploma-courses/top-ranking-list-private-university-colleges-malaysia/best-universities-in-malaysia-top-bachelor-of-business-administration-honours-degree/banking-and-finance-degree-malaysia-uk/malaysia-top-universities-best-banking-investment-finance-courses/
"<strong>Best Accounting, Finance &amp; Quantitative Studies </strong>",Finance & Investment,https://eduspiral.com/best-university-top-colleges-ranking-in-malaysia-offering-foundation-pre-university-degree-diploma-courses/top-ranking-list-private-university-colleges-malaysia/best-universities-in-malaysia-top-bachelor-of-business-administration-honours-degree/banking-and-finance-degree-malaysia-uk/top-universities-in-malaysia-for-banking-finance-investment-degree-courses/
"<strong>Best Accounting, Finance &amp; Quantitative Studies </strong>",Financial Engineering,https://eduspiral.com/best-financial-engineering-degree-in-malaysia-at-top-ranked-multimedia-university-mmu-cyberjaya/
"<strong>Best Accounting, Finance &amp; Quantitative Studies </strong>",Financial Technology (Fintech),https://eduspiral.com/about-us-eduspiral-consultant-services/advise-best-course-study-top-private-universities-malaysia/top-guides-choosing-the-best-course/top-job-demand-high-salary-reports-malaysia/job-demand-reports-and-salary-guides-in-malaysia-by-the-courses-that-you-want-to-study/top-list-best-information-technology-it-computing-computer-science-jobs-in-demand-in-malaysia/a-fantastic-career-opportunity-with-financial-technology-fintech-as-it-has-high-job-demand-salary-in-malaysia/
"<strong>Best Accounting, Finance &amp; Quantitative Studies </strong>",Banking & Finance,https://eduspiral.com/top-courses-in-malaysia-high-job-in-demand/best-banking-finance-degree-programmes-at-top-private-universities-in-malaysia/
"<strong>Best Accounting, Finance &amp; Quantitative Studies </strong>",Islamic Banking & Finance,http://eduspiral.com/best-universities-for-top-bachelor-of-arts-honours-islamic-banking-finance-degree-course-in-malaysia/
"<strong>Best Accounting, Finance &amp; Quantitative Studies </strong>",Economics,http://eduspiral.com/best-top-universities-in-malaysia-to-study-bachelor-of-economics-hons-degree/
<strong>Best Business Management </strong>,"Best Business Management Courses to Study in Malaysia

Business Studies
Business Management
Business Administration
Business
Business & Knowledge Management
Digital Marketing
eBusiness or e-Commerce
Entrepreneurship
Human Resource Management (HRM)
International Business Management (IBM)
Logistics Management
Marketing Management
Sales & Marketing
Supply Chain Management

",https://eduspiral.com/top-best-business-administration-degree-course-in-malaysia-at-the-best-university-college-in-malaysia/
<strong>Best Business Management </strong>,Business Studies,https://eduspiral.com/top-best-business-administration-degree-course-in-malaysia-at-the-best-university-college-in-malaysia/
<strong>Best Business Management </strong>,Business Management,https://eduspiral.com/about-us-eduspiral-consultant-services/advise-best-course-study-top-private-universities-malaysia/choosing-your-course/business-courses/best-business-administration-courses-top-universities-malaysia/top-best-business-administration-degree-course-in-malaysia-at-the-best-university-college-in-malaysia/best-business-administration-degree-at-top-private-universities-in-malaysia/
<strong>Best Business Management </strong>,Business Administration,http://eduspiral.com/best-universities-to-study-top-business-administration-degree-in-malaysia/
<strong>Best Business Management </strong>,Business,https://eduspiral.com/best-university-top-colleges-ranking-in-malaysia-offering-foundation-pre-university-degree-diploma-courses/top-ranking-list-private-university-colleges-malaysia/best-universities-in-malaysia-top-bachelor-of-business-administration-honours-degree/
<strong>Best Business Management </strong>,Business & Knowledge Management,https://eduspiral.com/best-business-knowledge-management-degree-sap-certificate-in-malaysia-at-top-ranked-multimedia-university-mmu-melaka/
<strong>Best Business Management </strong>,Digital Marketing,https://eduspiral.com/2020/05/06/digital-marketing-degree-course-malaysia/
<strong>Best Business Management </strong>,eBusiness or e-Commerce,https://eduspiral.com/2021/04/22/best-courses-to-study-in-malaysia-if-you-want-to-work-in-ecommerce/
<strong>Best Business Management </strong>,Entrepreneurship,https://eduspiral.com/about-us-eduspiral-consultant-services/advise-best-course-study-top-private-universities-malaysia/choosing-your-course/business-courses/best-business-administration-courses-top-universities-malaysia/top-best-business-administration-degree-course-in-malaysia-at-the-best-university-college-in-malaysia/best-business-administration-degree-at-top-private-universities-in-malaysia/best-university-malaysia-top-entrepreneurship-business-degree-help-university/
<strong>Best Business Management </strong>,Human Resource Management (HRM),https://eduspiral.com/best-university-top-colleges-ranking-in-malaysia-offering-foundation-pre-university-degree-diploma-courses/top-ranking-list-private-university-colleges-malaysia/best-universities-in-malaysia-top-bachelor-of-business-administration-honours-degree/top-university-in-malaysia-for-best-human-resource-management-hrm-degree/
<strong>Best Business Management </strong>,International Business Management (IBM),https://eduspiral.com/top-universities-in-malaysia-best-for-international-business-management/
<strong>Best Business Management </strong>,Logistics Management,http://eduspiral.com/best-university-logistics-management-diploma-degree-course-malaysia/
<strong>Best Business Management </strong>,Marketing Management,https://eduspiral.com/best-university-top-colleges-ranking-in-malaysia-offering-foundation-pre-university-degree-diploma-courses/top-ranking-list-private-university-colleges-malaysia/best-universities-in-malaysia-top-bachelor-of-business-administration-honours-degree/top-universities-in-malaysia-best-marketing-degree-course/
<strong>Best Business Management </strong>,Sales & Marketing,https://eduspiral.com/best-university-top-colleges-ranking-in-malaysia-offering-foundation-pre-university-degree-diploma-courses/top-ranking-list-private-university-colleges-malaysia/best-universities-in-malaysia-top-bachelor-of-business-administration-honours-degree/top-universities-in-malaysia-best-marketing-degree-course/best-marketing-courses-top-universities-malaysia/
<strong>Best Business Management </strong>,Supply Chain Management,https://eduspiral.com/about-us-eduspiral-consultant-services/advise-best-course-study-top-private-universities-malaysia/choosing-your-course/business-courses/best-logistics-supply-chain-management-courses-top-universities-malaysia/logistics-supply-chain-management-top-private-universities-in-malaysia/
<strong>Best Engineering &amp; Built Environment Courses to Study in Malaysia</strong>,"Best Engineering & Built Environment Courses to Study in Malaysia

Engineering
Chemical Engineering
Civil Engineering
Electrical & Electronic Engineering

Nanotechnology
Optical Engineering
Telecommunication Engineering


Mechanical Engineering
Mechatronic Engineering

Robotics & Automation Engineering


Petroleum Engineering
Architecture
Interior Architecture
Quantity Surveying
Construction Project Management
Aircraft Maintenance

",https://eduspiral.com/top-courses-in-malaysia-high-job-in-demand/study-engineering-course-malaysia/top-engineering-courses-study-malaysia/
<strong>Best Engineering &amp; Built Environment Courses to Study in Malaysia</strong>,Engineering,https://eduspiral.com/top-courses-in-malaysia-high-job-in-demand/study-engineering-course-malaysia/top-engineering-courses-study-malaysia/
<strong>Best Engineering &amp; Built Environment Courses to Study in Malaysia</strong>,Chemical Engineering,https://eduspiral.com/about-us-eduspiral-consultant-services/advise-best-course-study-top-private-universities-malaysia/choosing-your-course/engineering-courses-universities-malaysia/best-chemical-engineering-courses-accredited-top-universities-malaysia/top-chemical-engineering-universities-in-malaysia-best-course/
<strong>Best Engineering &amp; Built Environment Courses to Study in Malaysia</strong>,Civil Engineering,http://eduspiral.com/2014/11/18/study-civil-engineering-degree-course-in-malaysia-at-top-private-universities/
<strong>Best Engineering &amp; Built Environment Courses to Study in Malaysia</strong>,"Electrical & Electronic Engineering

Nanotechnology
Optical Engineering
Telecommunication Engineering

",http://eduspiral.com/2017/02/13/top-university-in-malaysia-for-best-electrical-electronic-engineering-accredited-by-board-of-engineers-malaysia-bem/
<strong>Best Engineering &amp; Built Environment Courses to Study in Malaysia</strong>,Nanotechnology,http://eduspiral.com/2017/11/24/best-nanotechnology-engineering-in-malaysia-top-world-rank-electronics-engineering-at-multimedia-university-mmu-cyberjaya/
<strong>Best Engineering &amp; Built Environment Courses to Study in Malaysia</strong>,Optical Engineering,http://eduspiral.com/2017/11/24/best-optical-engineering-in-malaysia-top-world-rank-electronics-engineering-at-multimedia-university-mmu-cyberjaya/
<strong>Best Engineering &amp; Built Environment Courses to Study in Malaysia</strong>,Telecommunication Engineering,https://eduspiral.com/about-us-eduspiral-consultant-services/advise-best-course-study-top-private-universities-malaysia/choosing-your-course/engineering-courses-universities-malaysia/best-telecommunication-engineering-courses-accredited-top-universities-malaysia/top-best-university-in-malaysia-to-study-telecommunications-engineering/
<strong>Best Engineering &amp; Built Environment Courses to Study in Malaysia</strong>,Mechanical Engineering,http://eduspiral.com/2014/10/14/the-best-universities-in-malaysia-for-mechanical-engineering/
<strong>Best Engineering &amp; Built Environment Courses to Study in Malaysia</strong>,"Mechatronic Engineering

Robotics & Automation Engineering

",https://eduspiral.com/about-us-eduspiral-consultant-services/advise-best-course-study-top-private-universities-malaysia/choosing-your-course/engineering-courses-universities-malaysia/best-mechatronic-engineering-courses-accredited-top-universities-malaysia/top-mechatronic-engineering-university-malaysia/
<strong>Best Engineering &amp; Built Environment Courses to Study in Malaysia</strong>,Robotics & Automation Engineering,http://eduspiral.com/2017/11/22/best-engineering-electronics-robotics-automation-automotive-mechatronics-in-malaysia-top-rank-multimedia-university-mmu-melaka-accredited-by-board-of-engineers-malaysia-bem/
<strong>Best Engineering &amp; Built Environment Courses to Study in Malaysia</strong>,Petroleum Engineering,https://eduspiral.com/about-us-eduspiral-consultant-services/advise-best-course-study-top-private-universities-malaysia/choosing-your-course/engineering-courses-universities-malaysia/petroleum-engineering/malaysia-top-universities-best-petroleum-engineering-degree-course/
<strong>Best Engineering &amp; Built Environment Courses to Study in Malaysia</strong>,Architecture,https://eduspiral.com/about-us-eduspiral-consultant-services/advise-best-course-study-top-private-universities-malaysia/choosing-your-course/best-architecture-built-environment-courses-top-universities-malaysia/top-private-universities-in-malaysia-for-best-architecture-degree-accredited-by-lembaga-arkitek-malaysia-lam/top-university-in-malaysia-for-best-cheap-bachelor-science-honours-architecture-degree-accredited-by-lembaga-arkitek-malaysia-lam/architecture-degree-pathway-best-university/best-architecture-degree-in-malaysia-accredited-by-board-of-architects-malaysia-lam-part-1-at-top-private-universities/
<strong>Best Engineering &amp; Built Environment Courses to Study in Malaysia</strong>,Interior Architecture,http://eduspiral.com/2016/04/28/best-colleges-top-private-university-in-malaysia-for-diploma-interior-design-or-interior-architecture-degree-cheapest-study-after-spm-olevels-uec/
<strong>Best Engineering &amp; Built Environment Courses to Study in Malaysia</strong>,Quantity Surveying,http://eduspiral.com/best-accredited-quantity-survey-degree-in-malaysia-at-top-universities/
<strong>Best Engineering &amp; Built Environment Courses to Study in Malaysia</strong>,Construction Project Management,http://eduspiral.com/top-construction-project-management-degree-at-the-best-university-in-malaysia-top-ranked-heriot-watt-university-malaysia/
<strong>Best Engineering &amp; Built Environment Courses to Study in Malaysia</strong>,Aircraft Maintenance,http://eduspiral.com/2013/06/07/diploma-in-aircraft-maintenance-engineering/
<strong>Best Mass Communication </strong>,"Best Mass Communication Courses to Study in Malaysia

Mass Communication
Digital Marketing
Branding & Advertising
Broadcasting
Media Studies
Public Relations

Public Relations & Marketing
Public Relations & Event Management


Marketing Communications
Events Management

",https://eduspiral.com/top-courses-in-malaysia-high-job-in-demand/best-mass-communication-course-at-top-universities-in-malaysia/
<strong>Best Mass Communication </strong>,Mass Communication,https://eduspiral.com/top-courses-in-malaysia-high-job-in-demand/best-mass-communication-course-at-top-universities-in-malaysia/
<strong>Best Mass Communication </strong>,Digital Marketing,https://eduspiral.com/about-us-eduspiral-consultant-services/advise-best-course-study-top-private-universities-malaysia/choosing-your-course/business-courses/best-marketing-courses-top-universities-malaysia/top-private-universities-malaysia-digital-marketing/
<strong>Best Mass Communication </strong>,Branding & Advertising,https://eduspiral.com/best-private-universities-colleges-in-malaysia-to-study-advertising-brand-management/
<strong>Best Mass Communication </strong>,Broadcasting,https://eduspiral.com/best-private-universities-top-colleges-in-malaysia-to-study-film-broadcasting/
<strong>Best Mass Communication </strong>,Media Studies,https://eduspiral.com/about-us-eduspiral-consultant-services/advise-best-course-study-top-private-universities-malaysia/choosing-your-course/communication/media-studies/best-media-communication-studies-at-top-universities-colleges-in-malaysia/
<strong>Best Mass Communication </strong>,"Public Relations

Public Relations & Marketing
Public Relations & Event Management

",https://eduspiral.com/list-of-the-best-private-universities-in-malaysia-to-study-top-public-relations-pr-degree-courses/
<strong>Best Mass Communication </strong>,Public Relations & Marketing,https://eduspiral.com/best-university-top-colleges-ranking-in-malaysia-offering-foundation-pre-university-degree-diploma-courses/top-ranking-list-private-university-colleges-malaysia/study-mass-communication-at-the-best-universities-colleges-in-malaysia/best-mass-communication-in-malaysia-top-uk-dual-award-degree-programmes-at-taylors-university-lakeside-campus/best-public-relations-top-mass-communication-marketing-taylors-university-malaysia/
<strong>Best Mass Communication </strong>,Public Relations & Event Management,https://eduspiral.com/best-university-top-colleges-ranking-in-malaysia-offering-foundation-pre-university-degree-diploma-courses/top-ranking-list-private-university-colleges-malaysia/study-mass-communication-at-the-best-universities-colleges-in-malaysia/best-public-relations-pr-event-management-degree-malaysia-top-ranked-taylors-university/
<strong>Best Mass Communication </strong>,Marketing Communications,https://eduspiral.com/2014/03/13/study-at-the-best-university-in-malaysia-for-public-relations/
<strong>Best Mass Communication </strong>,Events Management,http://eduspiral.com/best-events-management-degree-in-malaysia-at-top-private-universities/
"<strong>Best Hospitality, Tourism &amp; Culinary Arts </strong>","Best Hospitality, Tourism & Culinary Arts Courses to Study in Malaysia

Hotel Management
Hospitality Management
Culinary Arts
Patisserie
Baking
Tourism Management
Events Management

",https://eduspiral.com/best-university-top-colleges-ranking-in-malaysia-offering-foundation-pre-university-degree-diploma-courses/top-ranking-list-private-university-colleges-malaysia/top-colleges-universities-in-malaysia-best-hotel-management-top-hospitality-management-course/
"<strong>Best Hospitality, Tourism &amp; Culinary Arts </strong>",Hotel Management,https://eduspiral.com/best-university-top-colleges-ranking-in-malaysia-offering-foundation-pre-university-degree-diploma-courses/top-ranking-list-private-university-colleges-malaysia/top-colleges-universities-in-malaysia-best-hotel-management-top-hospitality-management-course/
"<strong>Best Hospitality, Tourism &amp; Culinary Arts </strong>",Hospitality Management,https://eduspiral.com/best-hotel-hospitality-tourism-management-diploma-degree-course-malaysia/
"<strong>Best Hospitality, Tourism &amp; Culinary Arts </strong>",Culinary Arts,https://eduspiral.com/best-university-top-colleges-ranking-in-malaysia-offering-foundation-pre-university-degree-diploma-courses/top-ranking-list-private-university-colleges-malaysia/top-universities-colleges-malaysia-culinary-arts-baking/top-ten-best-culinary-arts-university-college-schools-in-malaysia/
"<strong>Best Hospitality, Tourism &amp; Culinary Arts </strong>",Patisserie,https://eduspiral.com/best-university-colleges-malaysia-diploma-patisserie-baking-degree/
"<strong>Best Hospitality, Tourism &amp; Culinary Arts </strong>",Baking,https://eduspiral.com/best-university-top-colleges-ranking-in-malaysia-offering-foundation-pre-university-degree-diploma-courses/top-ranking-list-private-university-colleges-malaysia/top-universities-colleges-malaysia-culinary-arts-baking/
"<strong>Best Hospitality, Tourism &amp; Culinary Arts </strong>",Tourism Management,https://eduspiral.com/top-hospitality-university-best-hotel-management-universities-malaysia-tourism-management-colleges-in-malaysia/
"<strong>Best Hospitality, Tourism &amp; Culinary Arts </strong>",Events Management,https://eduspiral.com/best-university-top-colleges-ranking-in-malaysia-offering-foundation-pre-university-degree-diploma-courses/top-ranking-list-private-university-colleges-malaysia/top-colleges-universities-in-malaysia-best-hotel-management-top-hospitality-management-course/best-university-in-malaysia-top-events-management/
<strong>Best Art and Design </strong>,"Best Art and Design Courses to Study in Malaysia

Design
Graphic Design
Multimedia Design
Fashion Design
Product Design
Interior Design
3D Animation
Entertainment Arts
Film, Broadcasting & Cinematic Arts
Visual Effects
Virtual Reality (VR) / Augmented Reality (AR)

",http://eduspiral.com/best-design-courses-at-top-colleges-and-universities-in-malaysia/
<strong>Best Art and Design </strong>,Design,http://eduspiral.com/best-design-courses-at-top-colleges-and-universities-in-malaysia/
<strong>Best Art and Design </strong>,Graphic Design,http://eduspiral.com/top-best-colleges-in-malaysia-for-graphic-design-diploma-degree/
<strong>Best Art and Design </strong>,Multimedia Design,http://eduspiral.com/best-universities-colleges-for-multimedia-design-courses-in-malaysia/
<strong>Best Art and Design </strong>,Fashion Design,https://eduspiral.com/best-university-top-colleges-ranking-in-malaysia-offering-foundation-pre-university-degree-diploma-courses/top-ranking-list-private-university-colleges-malaysia/top-10-best-design-colleges-universities-in-malaysia/best-design-courses-at-top-colleges-and-universities-in-malaysia/top-colleges-universities-in-malaysia-best-for-diploma-in-fashion-design/
<strong>Best Art and Design </strong>,Product Design,https://eduspiral.com/about-us-eduspiral-consultant-services/advise-best-course-study-top-private-universities-malaysia/choosing-your-course/best-design-courses-top-universities-malaysia/interior-design-architecture/kbu-international-college-best-in-design/best-university-in-malaysia-for-top-furniture-product-design-at-first-city-university-college/
<strong>Best Art and Design </strong>,Interior Design,https://eduspiral.com/about-us-eduspiral-consultant-services/advise-best-course-study-top-private-universities-malaysia/choosing-your-course/best-design-courses-top-universities-malaysia/interior-design-architecture/top-university-malaysia-interior-design-interior-architecture/
<strong>Best Art and Design </strong>,3D Animation,https://eduspiral.com/about-us-eduspiral-consultant-services/advise-best-course-study-top-private-universities-malaysia/choosing-your-course/best-design-courses-top-universities-malaysia/animation/top-universities-study-3d-animation-design-malaysia/
<strong>Best Art and Design </strong>,Entertainment Arts,http://eduspiral.com/study-at-the-best-university-in-malaysia-for-entertainment-arts/
<strong>Best Art and Design </strong>,"Film, Broadcasting & Cinematic Arts",https://eduspiral.com/best-private-universities-top-colleges-in-malaysia-to-study-film-broadcasting/
<strong>Best Art and Design </strong>,Visual Effects,https://eduspiral.com/best-university-top-colleges-ranking-in-malaysia-offering-foundation-pre-university-degree-diploma-courses/top-ranking-list-private-university-colleges-malaysia/top-10-best-design-colleges-universities-in-malaysia/top-universities-colleges-malaysia-3d-animation-design/best-animation-visual-effects-degree-course-in-malaysia-top-multimedia-university-mmu-cyberjaya/
<strong>Best Art and Design </strong>,Virtual Reality (VR) / Augmented Reality (AR),https://eduspiral.com/about-us-eduspiral-consultant-services/advise-best-course-study-top-private-universities-malaysia/choosing-your-course/best-design-courses-top-universities-malaysia/animation/top-universities-virtual-reality-augmented-reality-vr-ar-courses-malaysia/
<strong>Best Health Science </strong>,"Best Health Science Courses to Study in Malaysia

Medicine
Dentistry
Nursing
Physiotherapy
Medical Imaging
Medical Lab Technology
Pharmacy

",http://eduspiral.com/affordable-medical-programme-accredited-by-the-malaysian-medical-council-that-best-fits-your-needs/
<strong>Best Health Science </strong>,Medicine,http://eduspiral.com/affordable-medical-programme-accredited-by-the-malaysian-medical-council-that-best-fits-your-needs/
<strong>Best Health Science </strong>,Dentistry,http://eduspiral.com/2017/06/19/top-affordable-dentistry-degree-recognised-by-dental-council-malaysia-at-mahsa-university-best-for-health-sciences/
<strong>Best Health Science </strong>,Nursing,http://eduspiral.com/2016/06/10/best-university-study-top-diploma-in-nursing-bachelor-nursing-in-malaysia/
<strong>Best Health Science </strong>,Physiotherapy,http://eduspiral.com/2017/06/24/best-physiotherapy-degree-in-malaysia-top-mahsa-university/
<strong>Best Health Science </strong>,Medical Imaging,http://eduspiral.com/2017/06/26/best-medical-imaging-radiography-degree-in-malaysia-top-mahsa-university/
<strong>Best Health Science </strong>,Medical Lab Technology,http://eduspiral.com/2017/07/08/best-university-in-malaysia-diploma-in-medical-laboratory-technology-top-mahsa-university/
<strong>Best Health Science </strong>,Pharmacy,http://eduspiral.com/best-universities-in-malaysia-for-top-pharmacy-degree/
<strong>Best Applied Science </strong>,"Best Applied Science Courses to Study in Malaysia

Biotechnology
Culinology®
Food Science
Biomedical Science
Bioinformatics

",https://eduspiral.com/top-universities-in-malaysia-best-for-biotechnology-degree/
<strong>Best Applied Science </strong>,Biotechnology,https://eduspiral.com/top-universities-in-malaysia-best-for-biotechnology-degree/
<strong>Best Applied Science </strong>,Culinology®,http://eduspiral.com/2017/03/07/best-culinology-university-malaysia-top-food-science-taylors-university
<strong>Best Applied Science </strong>,Food Science,http://eduspiral.com/study-at-the-best-university-in-malaysia-for-food-science-and-nutrition/
<strong>Best Applied Science </strong>,Biomedical Science,https://eduspiral.com/about-us-eduspiral-consultant-services/advise-best-course-study-top-private-universities-malaysia/choosing-your-course/best-health-science-courses-top-universities-malaysia/top-private-universities-malaysia-biomedical-science/
<strong>Best Applied Science </strong>,Bioinformatics,https://eduspiral.com/best-bioinformatics-degree-in-malaysia-at-top-multimedia-university-mmu-melaka/
<strong>Best Humanities &amp; Social Science </strong>,"Best Humanities & Social Science Courses to Study in Malaysia

Law
Teaching English as a Second Language (TESL)
Psychology

",https://eduspiral.com/best-university-top-colleges-ranking-in-malaysia-offering-foundation-pre-university-degree-diploma-courses/top-ranking-list-private-university-colleges-malaysia/best-top-university-in-malaysia-for-recognised-law-degree/
<strong>Best Humanities &amp; Social Science </strong>,Law,https://eduspiral.com/best-university-top-colleges-ranking-in-malaysia-offering-foundation-pre-university-degree-diploma-courses/top-ranking-list-private-university-colleges-malaysia/best-top-university-in-malaysia-for-recognised-law-degree/
<strong>Best Humanities &amp; Social Science </strong>,Teaching English as a Second Language (TESL),https://eduspiral.com/best-university-top-colleges-ranking-in-malaysia-offering-foundation-pre-university-degree-diploma-courses/top-ranking-list-private-university-colleges-malaysia/top-universities-in-malaysia-best-for-teaching-english-as-a-second-language-tesl/
<strong>Best Humanities &amp; Social Science </strong>,Psychology,https://eduspiral.com/about-us-eduspiral-consultant-services/advise-best-course-study-top-private-universities-malaysia/choosing-your-course/psychology/psychology-diploma-program-degree-course/top-private-universities-in-malaysia-to-study-psychology-degree/
