ItemName,Price,Location,Review
Milo Activ-Go 1kg,18.9,Selangor,1832
Nestle MILO Activ-Go Chocolate Malt Powder (1kg) Exp2023,22.8,Pahang,52
NESTLE MILO ACTIV-GO CHOCOLATE MALT POWDER Softpack 1kg[SHIP WITHIN 24 HOURS],21.5,Perak,13
Milo Active-Go Softpack 1kg,22.8,Wp Kuala Lumpur,21
( Beng kee) HOT ITEM Milo activ-go 1kg...Nestle MILO Activ-Go Chocolate Malt Powder (1kg)ready stock....,24.0,Perak,39
MILO ACTIV-GO CHOCOLATE MALT POWDER (1KG),22.1,Wp Kuala Lumpur,7
Nestle MILO Activ-Go Chocolate Malt Powder 2kg or1kg /MILO 2kg or 1kg / Nestle Milo Activ-Go Soft Pack 2kg or 1kg/Milo Activ-Go Softpack 2kgp or 1kg,21.99,Johor,46
Nestle Milo Activ-Go Chocolate Malt Powder (1kg) | NE Grocer,22.3,Perak,450
Nestle Milo Active-Go „Äê1kg„Äë,39.99,Penang,14
NESTLE MILO ACTIV-GO CHOCOLATE MALT POWDER Softpack 1kg,22.5,Selangor,1
NESTL√â MILO Activ-Go Chocolate Malt Powder 1kg [Halal] [READY STOCK],25.0,Selangor,3
Nestle MILO Activ-Go Chocolate Malt Powder (200G/400G/1kg/2kg/tin 1.5kg) stock baharu üíØ HALAL - ComeToShopp,20.82,Kelantan,7
NESTLE Milo Activ-Go Chocolate Malt Drink SoftPack 1kg,23.99,Melaka,7
Nestle Milo ÁæéÁ¶Ñ 1kg Activ-Go Chocolate Malt Powder Softpack,25.99,Perak,12
Nestle Milo Activ-Go Chocolate Malt 1kg/2kg,10.89,Penang,2
[READY STOCK] Nestle MILO Activ-Go Chocolate Malt Powder (200g/400g/1kg),11.9,Penang,4
Nestle Milo Activ-Go Chocolate Malt Powder Softpack (1kg),20.89,Selangor,1
Nestle Milo Activ-Go Chocolate Malt Powder Softpack (1kg),21.99,Wp Kuala Lumpur,11
MILO ACTIV-GO 1kg,29.0,Selangor,1
Nestle Milo Activ-go 1kg,23.5,Selangor,79
NESTLE MILO ACTIV-GO CHOCOLATE MALT POWDER Softpack 1kg,9.9,Perak,1
Nestle Milo Active - Go Softpack 1KG,27.9,Kedah,3
Nestl√© Milo Activ-Go Softpack 1kg,30.9,Johor,2
Nestle Milo Active-Go 1kg,28.0,Penang,12
